<xmap>
<doc type="exd" name="Exchange_810_ANY_FF">
<node type="table" name="Header">
<node type="field" name="Receiver_ID"/>
<node type="field" name="Invoice_Date"/>
<node type="field" name="Invoice_No"/>
<node type="field" name="PO_Date"/>
<node type="field" name="PO_No"/>
<node type="field" name="PO_Release_No"/>
<node type="field" name="Invoice_Type"/>
<node type="field" name="Transaction_Set_Purpose_Code"/>
<node type="field" name="Action_Code"/>
<node type="field" name="ASN_Shipment_ID"/>
<node type="field" name="Currency_Code"/>
<node type="field" name="Vendor_Order_No"/>
<node type="field" name="Customer_Order_No"/>
<node type="field" name="Department_No"/>
<node type="field" name="Department_Description"/>
<node type="field" name="Merchandise_Type_Code"/>
<node type="field" name="Internal_Vendor_No_Vendor_ID"/>
<node type="field" name="Credit_Authorization_No"/>
<node type="field" name="Original_Invoice_No"/>
<node type="field" name="Packing_Slip_No"/>
<node type="field" name="Carrier_PRO_No"/>
<node type="field" name="Contract_No"/>
<node type="field" name="Promotion_Deal_No"/>
<node type="field" name="Miscellanous_Reference_No"/>
<node type="field" name="Shipped_Date"/>
<node type="field" name="Delivery_Date"/>
<node type="field" name="add_Date_Header1"/>
<node type="field" name="add_Date_Header2"/>
<node type="field" name="Terms_Type_Code"/>
<node type="field" name="Terms_Basis_Date_Code"/>
<node type="field" name="Terms_Discount_Percent"/>
<node type="field" name="Terms_Discount_Amount"/>
<node type="field" name="Terms_Discount_Due_Date"/>
<node type="field" name="Terms_Discount_Days_Due"/>
<node type="field" name="Terms_Net_Due_Date"/>
<node type="field" name="Terms_Net_Days"/>
<node type="field" name="Terms_Description"/>
<node type="field" name="FOB_Payment_Code"/>
<node type="field" name="FOB_Point_Code"/>
<node type="field" name="FOB_Point_Description"/>
<node type="field" name="Buyer_Mark_For_Name"/>
<node type="field" name="Buyer_Mark_For_Store_Qualifier"/>
<node type="field" name="Buyer_Mark_For_Store_No"/>
<node type="field" name="Buyer_Mark_For_Address1"/>
<node type="field" name="Buyer_Mark_For_Address2"/>
<node type="field" name="Buyer_Mark_For_City"/>
<node type="field" name="Buyer_Mark_For_State"/>
<node type="field" name="Buyer_Mark_For_Zip_Code"/>
<node type="field" name="Buyer_Mark_For_Country"/>
<node type="field" name="Buyer_Contact_Name"/>
<node type="field" name="Buyer_Contact_Phone"/>
<node type="field" name="Buyer_Contact_Email"/>
<node type="field" name="Remit_To_Name"/>
<node type="field" name="Remit_To_Code_Qualifier"/>
<node type="field" name="Remit_To_Code"/>
<node type="field" name="Remit_To_Address1"/>
<node type="field" name="Remit_To_Address2"/>
<node type="field" name="Remit_To_City"/>
<node type="field" name="Remit_To_State"/>
<node type="field" name="Remit_To_Zip_Code"/>
<node type="field" name="Remit_To_Country_Code"/>
<node type="field" name="Remit_To_Contact_Name"/>
<node type="field" name="Remit_To_Contact_Phone"/>
<node type="field" name="Remit_To_Contact_Email"/>
<node type="field" name="Vendor_Name"/>
<node type="field" name="Vendor_Code_Qualifier"/>
<node type="field" name="Vendor_Code"/>
<node type="field" name="Vendor_Address1"/>
<node type="field" name="Vendor_Address2"/>
<node type="field" name="Vendor_City"/>
<node type="field" name="Vendor_State"/>
<node type="field" name="Vendor_Zip_Code"/>
<node type="field" name="Vendor_Country_Code"/>
<node type="field" name="Vendor_Contact_Name"/>
<node type="field" name="Vendor_Contact_Phone"/>
<node type="field" name="Vendor_Contact_Email"/>
<node type="field" name="Ship_From_Name"/>
<node type="field" name="Ship_From_Code_Qualifier"/>
<node type="field" name="Ship_From_Code"/>
<node type="field" name="Ship_From_Address1"/>
<node type="field" name="Ship_From_Address2"/>
<node type="field" name="Ship_From_City"/>
<node type="field" name="Ship_From_State"/>
<node type="field" name="Ship_From_Zip_Code"/>
<node type="field" name="Ship_From_Country"/>
<node type="field" name="Ship_To_Name"/>
<node type="field" name="Ship_To_Code_Qualifier"/>
<node type="field" name="Ship_To_Code"/>
<node type="field" name="Ship_To_Address1"/>
<node type="field" name="Ship_To_Address2"/>
<node type="field" name="Ship_To_City"/>
<node type="field" name="Ship_To_State"/>
<node type="field" name="Ship_To_Zip_Code"/>
<node type="field" name="Ship_To_Country_Code"/>
<node type="field" name="Ship_To_Contact_Name"/>
<node type="field" name="Ship_To_Contact_Phone"/>
<node type="field" name="Ship_To_Contact_Email"/>
<node type="field" name="Bill_To_Name"/>
<node type="field" name="Bill_To_Code_Qualifier"/>
<node type="field" name="Bill_To_Code"/>
<node type="field" name="Bill_To_Address1"/>
<node type="field" name="Bill_To_Address2"/>
<node type="field" name="Bill_To_City"/>
<node type="field" name="Bill_To_State"/>
<node type="field" name="Bill_To_Zip_Code"/>
<node type="field" name="Bill_To_Country"/>
<node type="field" name="Bill_To_Contact_Name"/>
<node type="field" name="Bill_To_Contact_Phone"/>
<node type="field" name="Bill_To_Contact_Email"/>
<node type="field" name="add_Field_Header1"/>
<node type="field" name="add_Field_Header2"/>
<node type="field" name="add_Field_Header3"/>
<node type="field" name="add_Field_Header4"/>
<node type="field" name="add_Field_Header5"/>
<node type="field" name="add_Field_Header6"/>
<node type="field" name="add_Field_Header7"/>
<node type="field" name="add_Field_Header8"/>
<node type="field" name="add_Field_Header9"/>
<node type="field" name="add_Field_Header10"/>
<node type="field" name="Total_Cartons_Shipped"/>
<node type="field" name="Total_Cartons_Shipped_UOM"/>
<node type="field" name="Total_Units_Shipped"/>
<node type="field" name="Total_Units_Shipped_UOM"/>
<node type="field" name="Total_Weight"/>
<node type="field" name="Total_Weight_UOM"/>
<node type="field" name="Total_Volume"/>
<node type="field" name="Total_Volume_UOM"/>
<node type="field" name="Total_Invoice_Amount_Gross_Amt_Charges_Allowances_Taxes"/>
<node type="field" name="Total_Invoice_Amount_Subj_to_Terms_Gross_Amt"/>
<node type="field" name="Total_Invoice_Amount_Less_Discount_Gross_Amt_Terms_Discount"/>
<node type="field" name="Total_Discount_Amount"/>
<node type="field" name="Total_No_of_Line_Items"/>
<node type="field" name="Transportation_Type_Code"/>
<node type="field" name="SCAC_Code"/>
<node type="field" name="Carrier_Name"/>
<node type="field" name="Bill_of_Lading_PRO_No_Qualifier"/>
<node type="field" name="Bill_of_Lading_PRO_No"/>
<node type="field" name="Allowance_Code1"/>
<node type="field" name="Allowance_Amount1"/>
<node type="field" name="Allowance_Percent_Qualifier1"/>
<node type="field" name="Allowance_Percent1"/>
<node type="field" name="Allowance_Rate1"/>
<node type="field" name="Allowance_Unit1"/>
<node type="field" name="Allowance_Quantity1"/>
<node type="field" name="Allowance_Method_of_Handling1"/>
<node type="field" name="Allowance_Description1"/>
<node type="field" name="Allowance_Code2"/>
<node type="field" name="Allowance_Amount2"/>
<node type="field" name="Allowance_Percent_Qualifier2"/>
<node type="field" name="Allowance_Percent2"/>
<node type="field" name="Allowance_Rate2"/>
<node type="field" name="Allowance_Unit2"/>
<node type="field" name="Allowance_Quantity2"/>
<node type="field" name="Allowance_Method_of_Handling2"/>
<node type="field" name="Allowance_Description2"/>
<node type="field" name="Allowance_Code3"/>
<node type="field" name="Allowance_Amount3"/>
<node type="field" name="Allowance_Percent_Qualifier3"/>
<node type="field" name="Allowance_Percent3"/>
<node type="field" name="Allowance_Rate3"/>
<node type="field" name="Allowance_Unit3"/>
<node type="field" name="Allowance_Quantity3"/>
<node type="field" name="Allowance_Method_of_Handling3"/>
<node type="field" name="Allowance_Description3"/>
<node type="field" name="Charge_Code1"/>
<node type="field" name="Charge_Amount1"/>
<node type="field" name="Charge_Percent_Qualifier1"/>
<node type="field" name="Charge_Percent1"/>
<node type="field" name="Charge_Rate1"/>
<node type="field" name="Charge_Unit1"/>
<node type="field" name="Charge_Quantity1"/>
<node type="field" name="Charge_Method_of_Handling1"/>
<node type="field" name="Charge_Description1"/>
<node type="field" name="Charge_Code2"/>
<node type="field" name="Charge_Amount2"/>
<node type="field" name="Charge_Percent_Qualifier2"/>
<node type="field" name="Charge_Percent2"/>
<node type="field" name="Charge_Rate2"/>
<node type="field" name="Charge_Unit2"/>
<node type="field" name="Charge_Quantity2"/>
<node type="field" name="Charge_Method_of_Handling2"/>
<node type="field" name="Charge_Description_2"/>
<node type="field" name="Charge_Code3"/>
<node type="field" name="Charge_Amount3"/>
<node type="field" name="Charge_Percent_Qualifier3"/>
<node type="field" name="Charge_Percent3"/>
<node type="field" name="Charge_Rate3"/>
<node type="field" name="Charge_Unit3"/>
<node type="field" name="Charge_Quantity3"/>
<node type="field" name="Charge_Method_of_Handling3"/>
<node type="field" name="Charge_Description_3"/>
<node type="field" name="Tax_Type1"/>
<node type="field" name="Tax_Amount1"/>
<node type="field" name="Tax_Percent1"/>
<node type="field" name="Tax_Jurisdiction_Code_Qualifier1"/>
<node type="field" name="Tax_Jurisdiction_Code1"/>
<node type="field" name="Tax_Exempt_Code1"/>
<node type="field" name="Tax_Dollar_Basis_For_Percent1"/>
<node type="field" name="TaxID1"/>
<node type="field" name="Tax_Type2"/>
<node type="field" name="Tax_Amount2"/>
<node type="field" name="Tax_Percent2"/>
<node type="field" name="Tax_Jurisdiction_Code_Qualifier2"/>
<node type="field" name="Tax_Jurisdiction_Code_2"/>
<node type="field" name="Tax_Exempt_Code2"/>
<node type="field" name="Tax_Dollar_Basis_For_Percent2"/>
<node type="field" name="TaxID2"/>
<node type="field" name="Tax_Type3"/>
<node type="field" name="Tax_Amount3"/>
<node type="field" name="Tax_Percent3"/>
<node type="field" name="Tax_Jurisdiction_Code_Qualifier3"/>
<node type="field" name="Tax_Jurisdiction_Code3"/>
<node type="field" name="Tax_Exempt_Code3"/>
<node type="field" name="Tax_Dollar_Basis_For_Percent3"/>
<node type="field" name="TaxID3"/>
<node type="field" name="add_Field_Summary1"/>
<node type="field" name="add_Field_Summary2"/>
<node type="field" name="add_Field_Summary3"/>
<node type="field" name="add_Field_Summary4"/>
<node type="field" name="add_Field_Summary5"/>
<node type="field" name="add_Field_Summary6"/>
<node type="field" name="add_Field_Summary7"/>
<node type="field" name="add_Field_Summary8"/>
<node type="field" name="add_Field_Summary9"/>
<node type="field" name="add_Field_Summary10"/>
<node type="field" name="add_Field_Summary11"/>
<node type="field" name="add. Field Header12"/>
<node type="field" name="add. Field Header13"/>
<node type="field" name="add. Field Header14"/>
<node type="field" name="add. Field Header15"/>
<node type="field" name="add. Field Header16"/>
<node type="field" name="add. Field Header17"/>
<node type="field" name="add. Field Header18"/>
<node type="field" name="add. Field Header19"/>
<node type="field" name="Bill of Lading"/>
<node type="field" name="Mark_For_Store"/>
<node type="table" name="Detail">
<node type="field" name="PO_Line_No"/>
<node type="field" name="Qty_Invoiced"/>
<node type="field" name="Qty_Invoiced_UOM"/>
<node type="field" name="Unit_Price"/>
<node type="field" name="Basis_of_Unit_Price_Code"/>
<node type="field" name="UPC_Qualifier"/>
<node type="field" name="UPC_Code"/>
<node type="field" name="Buyer_Item_Qualifier"/>
<node type="field" name="Buyer_Item_No"/>
<node type="field" name="Vendor_Item_Qualifier"/>
<node type="field" name="Vendor_Item_No"/>
<node type="field" name="Product_Qualifier4"/>
<node type="field" name="Product_Code4"/>
<node type="field" name="Product_Qualifier5"/>
<node type="field" name="Product_Code5"/>
<node type="field" name="Retail_Price"/>
<node type="field" name="Discount_Multiplier"/>
<node type="field" name="Item_Description"/>
<node type="field" name="Item_Color"/>
<node type="field" name="Item_Size"/>
<node type="field" name="Pack"/>
<node type="field" name="Pack_Size"/>
<node type="field" name="Pack_UOM"/>
<node type="field" name="Inner_Pack"/>
<node type="field" name="Qty_Shipped"/>
<node type="field" name="Qty_Shipped_UOM"/>
<node type="field" name="Line_Item_Status_Code"/>
<node type="field" name="Quantity_Difference"/>
<node type="field" name="PO_No"/>
<node type="field" name="Line_No"/>
<node type="field" name="Item_Tracking_No"/>
<node type="field" name="Line_Level_Compliance_Code"/>
<node type="field" name="Line_Level_Compliance_Description"/>
<node type="field" name="Backordered_Scheduled_Ship_on_Date"/>
<node type="field" name="Item_Allowance_Code1"/>
<node type="field" name="Item_Allowance_Amount1"/>
<node type="field" name="Item_Allowance_Percent_Qualifier1"/>
<node type="field" name="Item_Allowance_Percent1"/>
<node type="field" name="Item_Allowance_Rate1"/>
<node type="field" name="Item_Allowance_Unit1"/>
<node type="field" name="Item_Allowance_Quantity1"/>
<node type="field" name="Item_Allowance_Method_of_Handling1"/>
<node type="field" name="Item_Allowance_Description1"/>
<node type="field" name="Item_Allowance_Code2"/>
<node type="field" name="Item_Allowance_Amount2"/>
<node type="field" name="Item_Allowance_Percent_Qualifier2"/>
<node type="field" name="Item_Allowance_Percent2"/>
<node type="field" name="Item_Allowance_Rate2"/>
<node type="field" name="Item_Allowance_Unit2"/>
<node type="field" name="Item_Allowance_Quantity2"/>
<node type="field" name="Item_Allowance_Method_of_Handling2"/>
<node type="field" name="Item_Allowance_Description2"/>
<node type="field" name="Item_Charge_Code1"/>
<node type="field" name="Item_Charge_Amount1"/>
<node type="field" name="Item_Charge_Percent_Qualifier1"/>
<node type="field" name="Item_Charge_Percent1"/>
<node type="field" name="Item_Charge_Rate1"/>
<node type="field" name="Item_Charge_Unit1"/>
<node type="field" name="Item_Charge_Quantity1"/>
<node type="field" name="Item_Charge_Method_of_Handling1"/>
<node type="field" name="Item_Charge_Description1"/>
<node type="field" name="Item_Charge_Code2"/>
<node type="field" name="Item_Charge_Amount2"/>
<node type="field" name="Item_Charge_Percent_Qualifier2"/>
<node type="field" name="Item_Charge_Percent2"/>
<node type="field" name="Item_Charge_Rate2"/>
<node type="field" name="Item_Charge_Unit2"/>
<node type="field" name="Item_Charge_Quantity2"/>
<node type="field" name="Item_Charge_Method_of_Handling2"/>
<node type="field" name="Item_Charge_Description2"/>
<node type="field" name="Item_Tax_Type1"/>
<node type="field" name="Item_Tax_Amount1"/>
<node type="field" name="Item_Tax_Percent1"/>
<node type="field" name="Item_Tax_Jurisdiction_Code1"/>
<node type="field" name="Item_Tax_Type2"/>
<node type="field" name="Item_Tax_Amount2"/>
<node type="field" name="Item_Tax_Percent2"/>
<node type="field" name="Item_Tax_Jurisdiction_Code2"/>
<node type="field" name="add_Field_Detail1"/>
<node type="field" name="add_Field_Detail2"/>
<node type="field" name="add_Field_Detail3"/>
<node type="field" name="add_Field_Detail4"/>
<node type="field" name="add_Field_Detail5"/>
<node type="field" name="add_Field_Detail6"/>
<node type="field" name="add_Field_Detail7"/>
<node type="field" name="add_Field_Detail8"/>
<node type="field" name="add_Field_Detail9"/>
<node type="field" name="add_Field_Detail10"/>
</node>
</node>
</doc>
</xmap>